家賃(万円),初期投資(取得費を家賃連動),12ヶ月目稼働率(ランプは目標と同じ形で比例),平均単価,清掃(円/回),12ヶ月累積営業損益,回収月,12ヶ月以内に回収
5,971429,30%,2200,1500,360356,20,
5,971429,30%,2200,2000,197794,25,
5,971429,30%,2300,1500,450722,18,
5,971429,30%,2300,2000,288159,22,
5,971429,30%,2400,1500,541087,17,
5,971429,30%,2400,2000,378525,19,
5,971429,30%,2500,1500,631453,15,
5,971429,30%,2500,2000,468891,18,
5,971429,30%,2600,1500,721819,14,
5,971429,30%,2600,2000,559256,16,
5,971429,30%,2700,1500,812184,14,
5,971429,30%,2700,2000,649622,15,
5,971429,30%,2800,1500,902550,13,
5,971429,30%,2800,2000,739987,14,
5,971429,30%,2900,1500,992916,12,OK
5,971429,30%,2900,2000,830353,14,
5,971429,30%,3000,1500,1083281,12,OK
5,971429,30%,3000,2000,920719,13,
5,971429,30%,3100,1500,1173647,11,OK
5,971429,30%,3100,2000,1011084,12,OK
5,971429,35%,2200,1500,610416,16,
5,971429,35%,2200,2000,420759,19,
5,971429,35%,2300,1500,715842,15,
5,971429,35%,2300,2000,526186,17,
5,971429,35%,2400,1500,821269,14,
5,971429,35%,2400,2000,631612,15,
5,971429,35%,2500,1500,926695,13,
5,971429,35%,2500,2000,737039,14,
5,971429,35%,2600,1500,1032122,12,OK
5,971429,35%,2600,2000,842466,13,
5,971429,35%,2700,1500,1137548,12,OK
5,971429,35%,2700,2000,947892,13,
5,971429,35%,2800,1500,1242975,11,OK
5,971429,35%,2800,2000,1053319,12,OK
5,971429,35%,2900,1500,1348402,11,OK
5,971429,35%,2900,2000,1158745,11,OK
5,971429,35%,3000,1500,1453828,10,OK
5,971429,35%,3000,2000,1264172,11,OK
5,971429,35%,3100,1500,1559255,10,OK
5,971429,35%,3100,2000,1369598,10,OK
5,971429,40%,2200,1500,860475,13,
5,971429,40%,2200,2000,643725,15,
5,971429,40%,2300,1500,980962,12,OK
5,971429,40%,2300,2000,764212,14,
5,971429,40%,2400,1500,1101450,12,OK
5,971429,40%,2400,2000,884700,13,
5,971429,40%,2500,1500,1221938,11,OK
5,971429,40%,2500,2000,1005188,12,OK
5,971429,40%,2600,1500,1342425,11,OK
5,971429,40%,2600,2000,1125675,12,OK
5,971429,40%,2700,1500,1462912,10,OK
5,971429,40%,2700,2000,1246162,11,OK
5,971429,40%,2800,1500,1583400,10,OK
5,971429,40%,2800,2000,1366650,10,OK
5,971429,40%,2900,1500,1703888,9,OK
5,971429,40%,2900,2000,1487138,10,OK
5,971429,40%,3000,1500,1824375,9,OK
5,971429,40%,3000,2000,1607625,10,OK
5,971429,40%,3100,1500,1944862,9,OK
5,971429,40%,3100,2000,1728112,9,OK
5,971429,45%,2200,1500,1110534,12,OK
5,971429,45%,2200,2000,866691,13,
5,971429,45%,2300,1500,1246083,11,OK
5,971429,45%,2300,2000,1002239,12,OK
5,971429,45%,2400,1500,1381631,10,OK
5,971429,45%,2400,2000,1137788,12,OK
5,971429,45%,2500,1500,1517180,10,OK
5,971429,45%,2500,2000,1273336,11,OK
5,971429,45%,2600,1500,1652728,9,OK
5,971429,45%,2600,2000,1408884,10,OK
5,971429,45%,2700,1500,1788277,9,OK
5,971429,45%,2700,2000,1544433,10,OK
5,971429,45%,2800,1500,1923825,9,OK
5,971429,45%,2800,2000,1679981,9,OK
5,971429,45%,2900,1500,2059373,8,OK
5,971429,45%,2900,2000,1815530,9,OK
5,971429,45%,3000,1500,2194922,8,OK
5,971429,45%,3000,2000,1951078,9,OK
5,971429,45%,3100,1500,2330470,8,OK
5,971429,45%,3100,2000,2086627,8,OK
5,971429,50%,2200,1500,1360594,11,OK
5,971429,50%,2200,2000,1089656,12,OK
5,971429,50%,2300,1500,1511203,10,OK
5,971429,50%,2300,2000,1240266,11,OK
5,971429,50%,2400,1500,1661812,9,OK
5,971429,50%,2400,2000,1390875,10,OK
5,971429,50%,2500,1500,1812422,9,OK
5,971429,50%,2500,2000,1541484,10,OK
5,971429,50%,2600,1500,1963031,9,OK
5,971429,50%,2600,2000,1692094,9,OK
5,971429,50%,2700,1500,2113641,8,OK
5,971429,50%,2700,2000,1842703,9,OK
5,971429,50%,2800,1500,2264250,8,OK
5,971429,50%,2800,2000,1993312,8,OK
5,971429,50%,2900,1500,2414859,8,OK
5,971429,50%,2900,2000,2143922,8,OK
5,971429,50%,3000,1500,2565469,7,OK
5,971429,50%,3000,2000,2294531,8,OK
5,971429,50%,3100,1500,2716078,7,OK
5,971429,50%,3100,2000,2445141,8,OK
6,1035714,30%,2200,1500,240356,23,
6,1035714,30%,2200,2000,77794,30,
6,1035714,30%,2300,1500,330722,21,
6,1035714,30%,2300,2000,168159,26,
6,1035714,30%,2400,1500,421087,19,
6,1035714,30%,2400,2000,258525,23,
6,1035714,30%,2500,1500,511453,17,
6,1035714,30%,2500,2000,348891,20,
6,1035714,30%,2600,1500,601819,16,
6,1035714,30%,2600,2000,439256,19,
6,1035714,30%,2700,1500,692184,15,
6,1035714,30%,2700,2000,529622,17,
6,1035714,30%,2800,1500,782550,14,
6,1035714,30%,2800,2000,619987,16,
6,1035714,30%,2900,1500,872916,14,
6,1035714,30%,2900,2000,710353,15,
6,1035714,30%,3000,1500,963281,13,
6,1035714,30%,3000,2000,800719,14,
6,1035714,30%,3100,1500,1053647,12,OK
6,1035714,30%,3100,2000,891084,13,
6,1035714,35%,2200,1500,490416,18,
6,1035714,35%,2200,2000,300759,22,
6,1035714,35%,2300,1500,595842,16,
6,1035714,35%,2300,2000,406186,19,
6,1035714,35%,2400,1500,701269,15,
6,1035714,35%,2400,2000,511612,17,
6,1035714,35%,2500,1500,806695,14,
6,1035714,35%,2500,2000,617039,16,
6,1035714,35%,2600,1500,912122,13,
6,1035714,35%,2600,2000,722466,15,
6,1035714,35%,2700,1500,1017548,13,
6,1035714,35%,2700,2000,827892,14,
6,1035714,35%,2800,1500,1122975,12,OK
6,1035714,35%,2800,2000,933319,13,
6,1035714,35%,2900,1500,1228402,11,OK
6,1035714,35%,2900,2000,1038745,12,OK
6,1035714,35%,3000,1500,1333828,11,OK
6,1035714,35%,3000,2000,1144172,12,OK
6,1035714,35%,3100,1500,1439255,11,OK
6,1035714,35%,3100,2000,1249598,11,OK
6,1035714,40%,2200,1500,740475,15,
6,1035714,40%,2200,2000,523725,17,
6,1035714,40%,2300,1500,860962,14,
6,1035714,40%,2300,2000,644212,16,
6,1035714,40%,2400,1500,981450,13,
6,1035714,40%,2400,2000,764700,14,
6,1035714,40%,2500,1500,1101938,12,OK
6,1035714,40%,2500,2000,885188,14,
6,1035714,40%,2600,1500,1222425,12,OK
6,1035714,40%,2600,2000,1005675,13,
6,1035714,40%,2700,1500,1342912,11,OK
6,1035714,40%,2700,2000,1126162,12,OK
6,1035714,40%,2800,1500,1463400,10,OK
6,1035714,40%,2800,2000,1246650,11,OK
6,1035714,40%,2900,1500,1583888,10,OK
6,1035714,40%,2900,2000,1367138,11,OK
6,1035714,40%,3000,1500,1704375,10,OK
6,1035714,40%,3000,2000,1487625,10,OK
6,1035714,40%,3100,1500,1824862,9,OK
6,1035714,40%,3100,2000,1608112,10,OK
6,1035714,45%,2200,1500,990534,13,
6,1035714,45%,2200,2000,746691,15,
6,1035714,45%,2300,1500,1126083,12,OK
6,1035714,45%,2300,2000,882239,14,
6,1035714,45%,2400,1500,1261631,11,OK
6,1035714,45%,2400,2000,1017788,13,
6,1035714,45%,2500,1500,1397180,11,OK
6,1035714,45%,2500,2000,1153336,12,OK
6,1035714,45%,2600,1500,1532728,10,OK
6,1035714,45%,2600,2000,1288884,11,OK
6,1035714,45%,2700,1500,1668277,10,OK
6,1035714,45%,2700,2000,1424433,11,OK
6,1035714,45%,2800,1500,1803825,9,OK
6,1035714,45%,2800,2000,1559981,10,OK
6,1035714,45%,2900,1500,1939373,9,OK
6,1035714,45%,2900,2000,1695530,10,OK
6,1035714,45%,3000,1500,2074922,9,OK
6,1035714,45%,3000,2000,1831078,9,OK
6,1035714,45%,3100,1500,2210470,8,OK
6,1035714,45%,3100,2000,1966627,9,OK
6,1035714,50%,2200,1500,1240594,11,OK
6,1035714,50%,2200,2000,969656,13,
6,1035714,50%,2300,1500,1391203,11,OK
6,1035714,50%,2300,2000,1120266,12,OK
6,1035714,50%,2400,1500,1541812,10,OK
6,1035714,50%,2400,2000,1270875,11,OK
6,1035714,50%,2500,1500,1692422,10,OK
6,1035714,50%,2500,2000,1421484,11,OK
6,1035714,50%,2600,1500,1843031,9,OK
6,1035714,50%,2600,2000,1572094,10,OK
6,1035714,50%,2700,1500,1993641,9,OK
6,1035714,50%,2700,2000,1722703,10,OK
6,1035714,50%,2800,1500,2144250,8,OK
6,1035714,50%,2800,2000,1873312,9,OK
6,1035714,50%,2900,1500,2294859,8,OK
6,1035714,50%,2900,2000,2023922,9,OK
6,1035714,50%,3000,1500,2445469,8,OK
6,1035714,50%,3000,2000,2174531,8,OK
6,1035714,50%,3100,1500,2596078,8,OK
6,1035714,50%,3100,2000,2325141,8,OK
7,1100000,30%,2200,1500,120356,28,
7,1100000,30%,2200,2000,-42206,38,
7,1100000,30%,2300,1500,210722,25,
7,1100000,30%,2300,2000,48159,32,
7,1100000,30%,2400,1500,301087,22,
7,1100000,30%,2400,2000,138525,27,
7,1100000,30%,2500,1500,391453,20,
7,1100000,30%,2500,2000,228891,24,
7,1100000,30%,2600,1500,481819,18,
7,1100000,30%,2600,2000,319256,21,
7,1100000,30%,2700,1500,572184,17,
7,1100000,30%,2700,2000,409622,20,
7,1100000,30%,2800,1500,662550,16,
7,1100000,30%,2800,2000,499987,18,
7,1100000,30%,2900,1500,752916,15,
7,1100000,30%,2900,2000,590353,17,
7,1100000,30%,3000,1500,843281,14,
7,1100000,30%,3000,2000,680719,16,
7,1100000,30%,3100,1500,933647,14,
7,1100000,30%,3100,2000,771084,15,
7,1100000,35%,2200,1500,370416,20,
7,1100000,35%,2200,2000,180759,26,
7,1100000,35%,2300,1500,475842,18,
7,1100000,35%,2300,2000,286186,22,
7,1100000,35%,2400,1500,581269,17,
7,1100000,35%,2400,2000,391612,20,
7,1100000,35%,2500,1500,686695,16,
7,1100000,35%,2500,2000,497039,18,
7,1100000,35%,2600,1500,792122,15,
7,1100000,35%,2600,2000,602466,17,
7,1100000,35%,2700,1500,897548,14,
7,1100000,35%,2700,2000,707892,15,
7,1100000,35%,2800,1500,1002975,13,
7,1100000,35%,2800,2000,813319,14,
7,1100000,35%,2900,1500,1108402,12,OK
7,1100000,35%,2900,2000,918745,14,
7,1100000,35%,3000,1500,1213828,12,OK
7,1100000,35%,3000,2000,1024172,13,
7,1100000,35%,3100,1500,1319255,11,OK
7,1100000,35%,3100,2000,1129598,12,OK
7,1100000,40%,2200,1500,620475,16,
7,1100000,40%,2200,2000,403725,20,
7,1100000,40%,2300,1500,740962,15,
7,1100000,40%,2300,2000,524213,18,
7,1100000,40%,2400,1500,861450,14,
7,1100000,40%,2400,2000,644700,16,
7,1100000,40%,2500,1500,981938,13,
7,1100000,40%,2500,2000,765188,15,
7,1100000,40%,2600,1500,1102425,12,OK
7,1100000,40%,2600,2000,885675,14,
7,1100000,40%,2700,1500,1222912,12,OK
7,1100000,40%,2700,2000,1006162,13,
7,1100000,40%,2800,1500,1343400,11,OK
7,1100000,40%,2800,2000,1126650,12,OK
7,1100000,40%,2900,1500,1463888,11,OK
7,1100000,40%,2900,2000,1247138,12,OK
7,1100000,40%,3000,1500,1584375,10,OK
7,1100000,40%,3000,2000,1367625,11,OK
7,1100000,40%,3100,1500,1704862,10,OK
7,1100000,40%,3100,2000,1488112,11,OK
7,1100000,45%,2200,1500,870534,14,
7,1100000,45%,2200,2000,626691,16,
7,1100000,45%,2300,1500,1006083,13,
7,1100000,45%,2300,2000,762239,15,
7,1100000,45%,2400,1500,1141631,12,OK
7,1100000,45%,2400,2000,897788,14,
7,1100000,45%,2500,1500,1277180,12,OK
7,1100000,45%,2500,2000,1033336,13,
7,1100000,45%,2600,1500,1412728,11,OK
7,1100000,45%,2600,2000,1168884,12,OK
7,1100000,45%,2700,1500,1548277,11,OK
7,1100000,45%,2700,2000,1304433,11,OK
7,1100000,45%,2800,1500,1683825,10,OK
7,1100000,45%,2800,2000,1439981,11,OK
7,1100000,45%,2900,1500,1819373,10,OK
7,1100000,45%,2900,2000,1575530,10,OK
7,1100000,45%,3000,1500,1954922,9,OK
7,1100000,45%,3000,2000,1711078,10,OK
7,1100000,45%,3100,1500,2090470,9,OK
7,1100000,45%,3100,2000,1846627,10,OK
7,1100000,50%,2200,1500,1120594,12,OK
7,1100000,50%,2200,2000,849656,14,
7,1100000,50%,2300,1500,1271203,12,OK
7,1100000,50%,2300,2000,1000266,13,
7,1100000,50%,2400,1500,1421812,11,OK
7,1100000,50%,2400,2000,1150875,12,OK
7,1100000,50%,2500,1500,1572422,10,OK
7,1100000,50%,2500,2000,1301484,12,OK
7,1100000,50%,2600,1500,1723031,10,OK
7,1100000,50%,2600,2000,1452094,11,OK
7,1100000,50%,2700,1500,1873641,9,OK
7,1100000,50%,2700,2000,1602703,10,OK
7,1100000,50%,2800,1500,2024250,9,OK
7,1100000,50%,2800,2000,1753312,10,OK
7,1100000,50%,2900,1500,2174859,9,OK
7,1100000,50%,2900,2000,1903922,9,OK
7,1100000,50%,3000,1500,2325469,8,OK
7,1100000,50%,3000,2000,2054531,9,OK
7,1100000,50%,3100,1500,2476078,8,OK
7,1100000,50%,3100,2000,2205141,9,OK
8,1164286,30%,2200,1500,356,34,
8,1164286,30%,2200,2000,-162206,51,
8,1164286,30%,2300,1500,90722,29,
8,1164286,30%,2300,2000,-71841,40,
8,1164286,30%,2400,1500,181087,26,
8,1164286,30%,2400,2000,18525,33,
8,1164286,30%,2500,1500,271453,23,
8,1164286,30%,2500,2000,108891,28,
8,1164286,30%,2600,1500,361819,21,
8,1164286,30%,2600,2000,199256,25,
8,1164286,30%,2700,1500,452184,19,
8,1164286,30%,2700,2000,289622,22,
8,1164286,30%,2800,1500,542550,18,
8,1164286,30%,2800,2000,379987,20,
8,1164286,30%,2900,1500,632916,17,
8,1164286,30%,2900,2000,470353,19,
8,1164286,30%,3000,1500,723281,16,
8,1164286,30%,3000,2000,560719,18,
8,1164286,30%,3100,1500,813647,15,
8,1164286,30%,3100,2000,651084,16,
8,1164286,35%,2200,1500,250416,24,
8,1164286,35%,2200,2000,60759,31,
8,1164286,35%,2300,1500,355842,21,
8,1164286,35%,2300,2000,166186,26,
8,1164286,35%,2400,1500,461269,19,
8,1164286,35%,2400,2000,271612,23,
8,1164286,35%,2500,1500,566695,17,
8,1164286,35%,2500,2000,377039,21,
8,1164286,35%,2600,1500,672122,16,
8,1164286,35%,2600,2000,482466,19,
8,1164286,35%,2700,1500,777548,15,
8,1164286,35%,2700,2000,587892,17,
8,1164286,35%,2800,1500,882975,14,
8,1164286,35%,2800,2000,693319,16,
8,1164286,35%,2900,1500,988402,14,
8,1164286,35%,2900,2000,798745,15,
8,1164286,35%,3000,1500,1093828,13,
8,1164286,35%,3000,2000,904172,14,
8,1164286,35%,3100,1500,1199255,12,OK
8,1164286,35%,3100,2000,1009598,13,
8,1164286,40%,2200,1500,500475,18,
8,1164286,40%,2200,2000,283725,23,
8,1164286,40%,2300,1500,620962,17,
8,1164286,40%,2300,2000,404213,20,
8,1164286,40%,2400,1500,741450,15,
8,1164286,40%,2400,2000,524700,18,
8,1164286,40%,2500,1500,861938,14,
8,1164286,40%,2500,2000,645188,16,
8,1164286,40%,2600,1500,982425,14,
8,1164286,40%,2600,2000,765675,15,
8,1164286,40%,2700,1500,1102912,13,
8,1164286,40%,2700,2000,886162,14,
8,1164286,40%,2800,1500,1223400,12,OK
8,1164286,40%,2800,2000,1006650,13,
8,1164286,40%,2900,1500,1343888,12,OK
8,1164286,40%,2900,2000,1127138,13,
8,1164286,40%,3000,1500,1464375,11,OK
8,1164286,40%,3000,2000,1247625,12,OK
8,1164286,40%,3100,1500,1584862,11,OK
8,1164286,40%,3100,2000,1368112,12,OK
8,1164286,45%,2200,1500,750534,15,
8,1164286,45%,2200,2000,506691,18,
8,1164286,45%,2300,1500,886083,14,
8,1164286,45%,2300,2000,642239,17,
8,1164286,45%,2400,1500,1021631,13,
8,1164286,45%,2400,2000,777788,15,
8,1164286,45%,2500,1500,1157180,13,
8,1164286,45%,2500,2000,913336,14,
8,1164286,45%,2600,1500,1292728,12,OK
8,1164286,45%,2600,2000,1048884,13,
8,1164286,45%,2700,1500,1428277,11,OK
8,1164286,45%,2700,2000,1184433,12,OK
8,1164286,45%,2800,1500,1563825,11,OK
8,1164286,45%,2800,2000,1319981,12,OK
8,1164286,45%,2900,1500,1699373,10,OK
8,1164286,45%,2900,2000,1455530,11,OK
8,1164286,45%,3000,1500,1834922,10,OK
8,1164286,45%,3000,2000,1591078,11,OK
8,1164286,45%,3100,1500,1970470,10,OK
8,1164286,45%,3100,2000,1726627,10,OK
8,1164286,50%,2200,1500,1000594,13,
8,1164286,50%,2200,2000,729656,16,
8,1164286,50%,2300,1500,1151203,13,
8,1164286,50%,2300,2000,880266,14,
8,1164286,50%,2400,1500,1301812,12,OK
8,1164286,50%,2400,2000,1030875,13,
8,1164286,50%,2500,1500,1452422,11,OK
8,1164286,50%,2500,2000,1181484,12,OK
8,1164286,50%,2600,1500,1603031,11,OK
8,1164286,50%,2600,2000,1332094,12,OK
8,1164286,50%,2700,1500,1753641,10,OK
8,1164286,50%,2700,2000,1482703,11,OK
8,1164286,50%,2800,1500,1904250,10,OK
8,1164286,50%,2800,2000,1633312,11,OK
8,1164286,50%,2900,1500,2054859,9,OK
8,1164286,50%,2900,2000,1783922,10,OK
8,1164286,50%,3000,1500,2205469,9,OK
8,1164286,50%,3000,2000,1934531,10,OK
8,1164286,50%,3100,1500,2356078,9,OK
8,1164286,50%,3100,2000,2085141,9,OK
9,1228571,30%,2200,1500,-119644,44,
9,1228571,30%,2200,2000,-282206,75,
9,1228571,30%,2300,1500,-29278,36,
9,1228571,30%,2300,2000,-191841,53,
9,1228571,30%,2400,1500,61087,31,
9,1228571,30%,2400,2000,-101475,42,
9,1228571,30%,2500,1500,151453,27,
9,1228571,30%,2500,2000,-11109,35,
9,1228571,30%,2600,1500,241819,24,
9,1228571,30%,2600,2000,79256,30,
9,1228571,30%,2700,1500,332184,22,
9,1228571,30%,2700,2000,169622,26,
9,1228571,30%,2800,1500,422550,20,
9,1228571,30%,2800,2000,259987,23,
9,1228571,30%,2900,1500,512916,19,
9,1228571,30%,2900,2000,350353,21,
9,1228571,30%,3000,1500,603281,17,
9,1228571,30%,3000,2000,440719,20,
9,1228571,30%,3100,1500,693647,16,
9,1228571,30%,3100,2000,531084,18,
9,1228571,35%,2200,1500,130416,28,
9,1228571,35%,2200,2000,-59241,38,
9,1228571,35%,2300,1500,235842,24,
9,1228571,35%,2300,2000,46186,31,
9,1228571,35%,2400,1500,341269,22,
9,1228571,35%,2400,2000,151612,27,
9,1228571,35%,2500,1500,446695,20,
9,1228571,35%,2500,2000,257039,24,
9,1228571,35%,2600,1500,552122,18,
9,1228571,35%,2600,2000,362466,21,
9,1228571,35%,2700,1500,657548,17,
9,1228571,35%,2700,2000,467892,19,
9,1228571,35%,2800,1500,762975,16,
9,1228571,35%,2800,2000,573319,18,
9,1228571,35%,2900,1500,868402,15,
9,1228571,35%,2900,2000,678745,16,
9,1228571,35%,3000,1500,973828,14,
9,1228571,35%,3000,2000,784172,15,
9,1228571,35%,3100,1500,1079255,13,
9,1228571,35%,3100,2000,889598,15,
9,1228571,40%,2200,1500,380475,21,
9,1228571,40%,2200,2000,163725,26,
9,1228571,40%,2300,1500,500963,19,
9,1228571,40%,2300,2000,284213,23,
9,1228571,40%,2400,1500,621450,17,
9,1228571,40%,2400,2000,404700,20,
9,1228571,40%,2500,1500,741938,16,
9,1228571,40%,2500,2000,525188,18,
9,1228571,40%,2600,1500,862425,15,
9,1228571,40%,2600,2000,645675,17,
9,1228571,40%,2700,1500,982912,14,
9,1228571,40%,2700,2000,766162,16,
9,1228571,40%,2800,1500,1103400,13,
9,1228571,40%,2800,2000,886650,15,
9,1228571,40%,2900,1500,1223888,13,
9,1228571,40%,2900,2000,1007138,14,
9,1228571,40%,3000,1500,1344375,12,OK
9,1228571,40%,3000,2000,1127625,13,
9,1228571,40%,3100,1500,1464862,11,OK
9,1228571,40%,3100,2000,1248112,12,OK
9,1228571,45%,2200,1500,630534,17,
9,1228571,45%,2200,2000,386691,21,
9,1228571,45%,2300,1500,766083,16,
9,1228571,45%,2300,2000,522239,18,
9,1228571,45%,2400,1500,901631,14,
9,1228571,45%,2400,2000,657788,17,
9,1228571,45%,2500,1500,1037180,14,
9,1228571,45%,2500,2000,793336,15,
9,1228571,45%,2600,1500,1172728,13,
9,1228571,45%,2600,2000,928884,14,
9,1228571,45%,2700,1500,1308277,12,OK
9,1228571,45%,2700,2000,1064433,13,
9,1228571,45%,2800,1500,1443825,12,OK
9,1228571,45%,2800,2000,1199981,13,
9,1228571,45%,2900,1500,1579373,11,OK
9,1228571,45%,2900,2000,1335530,12,OK
9,1228571,45%,3000,1500,1714922,11,OK
9,1228571,45%,3000,2000,1471078,11,OK
9,1228571,45%,3100,1500,1850470,10,OK
9,1228571,45%,3100,2000,1606627,11,OK
9,1228571,50%,2200,1500,880594,15,
9,1228571,50%,2200,2000,609656,17,
9,1228571,50%,2300,1500,1031203,14,
9,1228571,50%,2300,2000,760266,16,
9,1228571,50%,2400,1500,1181812,13,
9,1228571,50%,2400,2000,910875,14,
9,1228571,50%,2500,1500,1332422,12,OK
9,1228571,50%,2500,2000,1061484,13,
9,1228571,50%,2600,1500,1483031,11,OK
9,1228571,50%,2600,2000,1212094,13,
9,1228571,50%,2700,1500,1633641,11,OK
9,1228571,50%,2700,2000,1362703,12,OK
9,1228571,50%,2800,1500,1784250,10,OK
9,1228571,50%,2800,2000,1513312,11,OK
9,1228571,50%,2900,1500,1934859,10,OK
9,1228571,50%,2900,2000,1663922,11,OK
9,1228571,50%,3000,1500,2085469,10,OK
9,1228571,50%,3000,2000,1814531,10,OK
9,1228571,50%,3100,1500,2236078,9,OK
9,1228571,50%,3100,2000,1965141,10,OK
