シナリオ,月(開業後),フェーズ,稼働率(510h分母),予約時間h,予約件数(4h/件),割引率,平均単価(定価ベース),売上,ポータル手数料,手取り売上,清掃費,家賃,その他固定費,営業損益,累積営業損益,回収残(累積-110万),回収月,運転資金残高(70万+累積),資金ライン35万割れ
目標,1,P3立ち上げ,10.0%,51.0,12.8,25%,2700,103275,-30982,72292,-19125,-70000,-45000,-61832,-61832,-1161832,,638168,
目標,2,P3立ち上げ,15.0%,76.5,19.1,0%,2700,206550,-61965,144585,-28688,-70000,-45000,898,-60935,-1160935,,639065,
目標,3,P3立ち上げ,20.0%,102.0,25.5,0%,2700,275400,-82620,192780,-38250,-70000,-45000,39530,-21405,-1121405,,678595,
目標,4,P4最適化,23.3%,119.0,29.8,0%,2700,321300,-96390,224910,-44625,-70000,-45000,65285,43880,-1056120,,743880,
目標,5,P4最適化,26.7%,136.0,34.0,0%,2700,367200,-110160,257040,-51000,-70000,-45000,91040,134920,-965080,,834920,
目標,6,P4最適化,30.0%,153.0,38.2,0%,2700,413100,-123930,289170,-57375,-70000,-45000,116795,251715,-848285,,951715,
目標,7,P5安定化,31.7%,161.5,40.4,0%,2700,436050,-130815,305235,-60562,-70000,-45000,129672,381388,-718612,,1081388,
目標,8,P5安定化,33.3%,170.0,42.5,0%,2700,459000,-137700,321300,-63750,-70000,-45000,142550,523938,-576062,,1223938,
目標,9,P5安定化,35.0%,178.5,44.6,0%,2700,481950,-144585,337365,-66938,-70000,-45000,155428,679365,-420635,,1379365,
目標,10,P5安定化,36.7%,187.0,46.8,0%,2700,504900,-151470,353430,-70125,-70000,-45000,168305,847670,-252330,,1547670,
目標,11,P5安定化,38.3%,195.5,48.9,0%,2700,527850,-158355,369495,-73312,-70000,-45000,181182,1028852,-71148,,1728852,
目標,12,P5安定化,40.0%,204.0,51.0,0%,2700,550800,-165240,385560,-76500,-70000,-45000,194060,1222912,122912,回収,1922912,
目標,13,2年目,40.0%,204.0,51.0,0%,2700,550800,-165240,385560,-76500,-70000,-45000,194060,1416972,316972,,2116972,
目標,14,2年目,40.0%,204.0,51.0,0%,2700,550800,-165240,385560,-76500,-70000,-45000,194060,1611032,511032,,2311032,
目標,15,2年目,40.0%,204.0,51.0,0%,2700,550800,-165240,385560,-76500,-70000,-45000,194060,1805092,705092,,2505092,
目標,16,2年目,40.0%,204.0,51.0,0%,2700,550800,-165240,385560,-76500,-70000,-45000,194060,1999152,899152,,2699152,
目標,17,2年目,40.0%,204.0,51.0,0%,2700,550800,-165240,385560,-76500,-70000,-45000,194060,2193212,1093212,,2893212,
目標,18,2年目,40.0%,204.0,51.0,0%,2700,550800,-165240,385560,-76500,-70000,-45000,194060,2387272,1287272,,3087272,
目標,19,2年目,40.0%,204.0,51.0,0%,2700,550800,-165240,385560,-76500,-70000,-45000,194060,2581332,1481332,,3281332,
目標,20,2年目,40.0%,204.0,51.0,0%,2700,550800,-165240,385560,-76500,-70000,-45000,194060,2775392,1675392,,3475392,
目標,21,2年目,40.0%,204.0,51.0,0%,2700,550800,-165240,385560,-76500,-70000,-45000,194060,2969452,1869452,,3669452,
目標,22,2年目,40.0%,204.0,51.0,0%,2700,550800,-165240,385560,-76500,-70000,-45000,194060,3163512,2063512,,3863512,
目標,23,2年目,40.0%,204.0,51.0,0%,2700,550800,-165240,385560,-76500,-70000,-45000,194060,3357572,2257572,,4057572,
目標,24,2年目,40.0%,204.0,51.0,0%,2700,550800,-165240,385560,-76500,-70000,-45000,194060,3551632,2451632,,4251632,
単価2500,1,P3立ち上げ,10.0%,51.0,12.8,25%,2500,95625,-28688,66938,-19125,-70000,-45000,-67188,-67188,-1167188,,632812,
単価2500,2,P3立ち上げ,15.0%,76.5,19.1,0%,2500,191250,-57375,133875,-28688,-70000,-45000,-9812,-77000,-1177000,,623000,
単価2500,3,P3立ち上げ,20.0%,102.0,25.5,0%,2500,255000,-76500,178500,-38250,-70000,-45000,25250,-51750,-1151750,,648250,
単価2500,4,P4最適化,23.3%,119.0,29.8,0%,2500,297500,-89250,208250,-44625,-70000,-45000,48625,-3125,-1103125,,696875,
単価2500,5,P4最適化,26.7%,136.0,34.0,0%,2500,340000,-102000,238000,-51000,-70000,-45000,72000,68875,-1031125,,768875,
単価2500,6,P4最適化,30.0%,153.0,38.2,0%,2500,382500,-114750,267750,-57375,-70000,-45000,95375,164250,-935750,,864250,
単価2500,7,P5安定化,31.7%,161.5,40.4,0%,2500,403750,-121125,282625,-60562,-70000,-45000,107062,271312,-828688,,971312,
単価2500,8,P5安定化,33.3%,170.0,42.5,0%,2500,425000,-127500,297500,-63750,-70000,-45000,118750,390062,-709938,,1090062,
単価2500,9,P5安定化,35.0%,178.5,44.6,0%,2500,446250,-133875,312375,-66938,-70000,-45000,130438,520500,-579500,,1220500,
単価2500,10,P5安定化,36.7%,187.0,46.8,0%,2500,467500,-140250,327250,-70125,-70000,-45000,142125,662625,-437375,,1362625,
単価2500,11,P5安定化,38.3%,195.5,48.9,0%,2500,488750,-146625,342125,-73312,-70000,-45000,153812,816438,-283562,,1516438,
単価2500,12,P5安定化,40.0%,204.0,51.0,0%,2500,510000,-153000,357000,-76500,-70000,-45000,165500,981938,-118062,,1681938,
単価2500,13,2年目,40.0%,204.0,51.0,0%,2500,510000,-153000,357000,-76500,-70000,-45000,165500,1147438,47438,回収,1847438,
単価2500,14,2年目,40.0%,204.0,51.0,0%,2500,510000,-153000,357000,-76500,-70000,-45000,165500,1312938,212938,,2012938,
単価2500,15,2年目,40.0%,204.0,51.0,0%,2500,510000,-153000,357000,-76500,-70000,-45000,165500,1478438,378438,,2178438,
単価2500,16,2年目,40.0%,204.0,51.0,0%,2500,510000,-153000,357000,-76500,-70000,-45000,165500,1643938,543938,,2343938,
単価2500,17,2年目,40.0%,204.0,51.0,0%,2500,510000,-153000,357000,-76500,-70000,-45000,165500,1809438,709438,,2509438,
単価2500,18,2年目,40.0%,204.0,51.0,0%,2500,510000,-153000,357000,-76500,-70000,-45000,165500,1974938,874938,,2674938,
単価2500,19,2年目,40.0%,204.0,51.0,0%,2500,510000,-153000,357000,-76500,-70000,-45000,165500,2140438,1040438,,2840438,
単価2500,20,2年目,40.0%,204.0,51.0,0%,2500,510000,-153000,357000,-76500,-70000,-45000,165500,2305938,1205938,,3005938,
単価2500,21,2年目,40.0%,204.0,51.0,0%,2500,510000,-153000,357000,-76500,-70000,-45000,165500,2471438,1371438,,3171438,
単価2500,22,2年目,40.0%,204.0,51.0,0%,2500,510000,-153000,357000,-76500,-70000,-45000,165500,2636938,1536938,,3336938,
単価2500,23,2年目,40.0%,204.0,51.0,0%,2500,510000,-153000,357000,-76500,-70000,-45000,165500,2802438,1702438,,3502438,
単価2500,24,2年目,40.0%,204.0,51.0,0%,2500,510000,-153000,357000,-76500,-70000,-45000,165500,2967938,1867938,,3667938,
立ち上げ遅れ,1,P3立ち上げ,8.0%,40.8,10.2,25%,2400,73440,-22032,51408,-20400,-70000,-45000,-83992,-83992,-1183992,,616008,
立ち上げ遅れ,2,P3立ち上げ,12.0%,61.2,15.3,0%,2400,146880,-44064,102816,-30600,-70000,-45000,-42784,-126776,-1226776,,573224,
立ち上げ遅れ,3,P3立ち上げ,16.0%,81.6,20.4,0%,2400,195840,-58752,137088,-40800,-70000,-45000,-18712,-145488,-1245488,,554512,
立ち上げ遅れ,4,P4最適化,19.0%,96.9,24.2,0%,2400,232560,-69768,162792,-48450,-70000,-45000,-658,-146146,-1246146,,553854,
立ち上げ遅れ,5,P4最適化,22.0%,112.2,28.1,0%,2400,269280,-80784,188496,-56100,-70000,-45000,17396,-128750,-1228750,,571250,
立ち上げ遅れ,6,P4最適化,25.0%,127.5,31.9,0%,2400,306000,-91800,214200,-63750,-70000,-45000,35450,-93300,-1193300,,606700,
立ち上げ遅れ,7,P5安定化,26.7%,136.0,34.0,0%,2400,326400,-97920,228480,-68000,-70000,-45000,45480,-47820,-1147820,,652180,
立ち上げ遅れ,8,P5安定化,28.3%,144.5,36.1,0%,2400,346800,-104040,242760,-72250,-70000,-45000,55510,7690,-1092310,,707690,
立ち上げ遅れ,9,P5安定化,30.0%,153.0,38.2,0%,2400,367200,-110160,257040,-76500,-70000,-45000,65540,73230,-1026770,,773230,
立ち上げ遅れ,10,P5安定化,31.7%,161.5,40.4,0%,2400,387600,-116280,271320,-80750,-70000,-45000,75570,148800,-951200,,848800,
立ち上げ遅れ,11,P5安定化,33.3%,170.0,42.5,0%,2400,408000,-122400,285600,-85000,-70000,-45000,85600,234400,-865600,,934400,
立ち上げ遅れ,12,P5安定化,35.0%,178.5,44.6,0%,2400,428400,-128520,299880,-89250,-70000,-45000,95630,330030,-769970,,1030030,
立ち上げ遅れ,13,2年目,35.0%,178.5,44.6,0%,2400,428400,-128520,299880,-89250,-70000,-45000,95630,425660,-674340,,1125660,
立ち上げ遅れ,14,2年目,35.0%,178.5,44.6,0%,2400,428400,-128520,299880,-89250,-70000,-45000,95630,521290,-578710,,1221290,
立ち上げ遅れ,15,2年目,35.0%,178.5,44.6,0%,2400,428400,-128520,299880,-89250,-70000,-45000,95630,616920,-483080,,1316920,
立ち上げ遅れ,16,2年目,35.0%,178.5,44.6,0%,2400,428400,-128520,299880,-89250,-70000,-45000,95630,712550,-387450,,1412550,
立ち上げ遅れ,17,2年目,35.0%,178.5,44.6,0%,2400,428400,-128520,299880,-89250,-70000,-45000,95630,808180,-291820,,1508180,
立ち上げ遅れ,18,2年目,35.0%,178.5,44.6,0%,2400,428400,-128520,299880,-89250,-70000,-45000,95630,903810,-196190,,1603810,
立ち上げ遅れ,19,2年目,35.0%,178.5,44.6,0%,2400,428400,-128520,299880,-89250,-70000,-45000,95630,999440,-100560,,1699440,
立ち上げ遅れ,20,2年目,35.0%,178.5,44.6,0%,2400,428400,-128520,299880,-89250,-70000,-45000,95630,1095070,-4930,,1795070,
立ち上げ遅れ,21,2年目,35.0%,178.5,44.6,0%,2400,428400,-128520,299880,-89250,-70000,-45000,95630,1190700,90700,回収,1890700,
立ち上げ遅れ,22,2年目,35.0%,178.5,44.6,0%,2400,428400,-128520,299880,-89250,-70000,-45000,95630,1286330,186330,,1986330,
立ち上げ遅れ,23,2年目,35.0%,178.5,44.6,0%,2400,428400,-128520,299880,-89250,-70000,-45000,95630,1381960,281960,,2081960,
立ち上げ遅れ,24,2年目,35.0%,178.5,44.6,0%,2400,428400,-128520,299880,-89250,-70000,-45000,95630,1477590,377590,,2177590,
